cluster,barcode,abo_url,system_id,year,marker,work_title,main_title
0,Z185143704,http://data.onb.ac.at/ABO/+Z185143704,AC11093220,1598,TravelogueD16 Afrika Asien,Itinerario; (DE-588)4666486-5,Ander Theil der Orientalischen Jndien/ VOn allen Völckern/ Jnsulen/ Meerporten/ fliessenden Wassern vnd anderen Orten/ so von Portugal auß/ lengst dem Gestaden Aphrica/ biß in Ost Jndien vnd zu dem Land China/ sampt andern Jnsulen zu sehen seind; Beneben derenselben Aberglauben/ Götzendienst vnd Tempeln/ Jtem von jren Sitten/ Trachten/ Kleidungen/ Policeyordnung/ vnd wie sie haußthalten/ beid so viel die Portugesen/ welche da im Land wohnen/ vnd auch das jnheimische Landvölcklein anlangt. Deßgleichen von der Residentz deß Spanischen Viceroys vnd anderer Spanier in Goa/ Jtem von allen Orientalischen Jndianischen Waaren vnd Kummerschafften: sampt deren Gewichten/ Masen/ Müntzen vnd jhrem Valor oder Wirdigung; Erstlich im Jar 1596. außführlich in Holländischer Sprach beschrieben/ durch Joan Hugo von Lindschotten auß Holland/ welcher in 13. Jaren solches meinst alles persönlich zugegen gesehen vnd selbst erfahren hat. Jetzo aber von newem in Holchteutsch bracht/ vnd mit künstlichen schönen Figuren/ in Kupffer gestochen/ gezieret an tag geben/ durch Hans Dieterich vnd Hans Jsrael von Bry Gebrüder
1,Z168096506,http://data.onb.ac.at/ABO/+Z168096506,AC10401907,1586,TravelogueD16 Asien,Historia das Missoens da Oriente até o anno de 1568; 1568,"Kurtze Verzeichnuß Vnd Historische Beschreibung deren dingen/ so von der Societet Iesv in Orient/ von dem Jar nach Christi Geburt/ 1542. biß auff das 1568. gehandelt worden; Erstlich Druch Ioannem Petrum Maffeium, auß Portugalesischer sprach in Latein/ vnd jetzo neben etlichen Japonischen Sendtschreiben/ vom Jar 1548. biß auff 1555. allen frommen Catholischen zu Lieb vnd Trost ins Teutsch gebracht/ vnnd zum ersten mal an Tag geben: Durch weylandt den Hochgelehrten Herrn Ioannem Georgium Götzen/ beyder Rechten Doctorn/ auch Fürstlichen Bischofflichen Constantzischen Rath vnnd Secretarien/ etc."
2,Z176245508,http://data.onb.ac.at/ABO/+Z176245508,AC10473009,1584,TravelogueD16 Orient; TravelogueD16 Afrika Asien Europa,Reyßbuch deß heyligen Lands,"Reyßbuch deß heyligen Lands; Das ist Ein gründtliche beschreibung aller vnd jeder Meer vnd Bilgerfahrten zum heyligen Lande/ so bißhero/ in zeit dasselbig von den Vngläubigen erobert vnd inn gehabt/ beyde mit bewehrter Hand vnd Kriegßmacht/ zu wider eroberung deren Land/ denn auch auß andacht vnd Christlicher anmutung zu den heyligen Orten/ von vielen Fürsten/ Graffen/ Freyen/ Rittern/ vom Adel vnd andern fürtrefflichen/ Ehr vnd Tugendliebenden/ geistlichs vnd weltlichs Stands Herren/ zu Wasser vnd Land vorgenommen/ ins Werck gericht/ vnd durch wunderbarlich Abentheuwer/ auch vngläublich grosse gefahr Leibs vnd Guts vollnbracht. Beneben eyngeführter auch eigentlicher Beschreibung des gantzen heyligen Lands Palæstinæ, sampt demselben eynverleibter Landschafften/ Refieren vnd Termineyen: Zu dem aller darinn begriffener namhaffter Stätt/ Flecken/ Dörffer/ Festungen/ Bergen/ Auwen/ Meer/ Wasser/ Seen: Bevorab der heyligen Stätte vnd ausserhalb der Statt Jerusalem/ an denen vnser Herr vnd Heyland Christus die zeit seiner Wallfahrt auff Erden/ vnd denn das Werck vnser emigen [!] Erlösung vollbracht hat. Demnach der angrentzenden/ benachbarten/ so wol der andern entlegenen Africanischen und Asianischen Herrschafften/ welche samptlich der Türckisch Keyser inn hat vnd beherrschet: Ferner auch der mächtigen Land Jndien vnd Persien/ vnd was darinnen wunderbares von Antiquiteten/ vnbekannten Erdgewächsen vnd seltzamen Thieren zu finden. Endlich von gemeldter Ort vnd Landen jetziger Eynwohner/ Türcken vnd Araber/ So auch ander Nationen/ die sich Christen rümen/ vn[d] in den Orientalischen Landen/ insonderheit aber zu Jerusalem sich wesentlich verhalten/ Religion/ Ceremonien in Glaubenssachen/ vnterschiedlichen Secten in Gottesdienst/ sampt derselben auß Gottes Wort gründtlicher widerlegung: So wol jrem weltlichen Recht vnd Policey Ordnung/ Kriegßregiment/ Sitten vnd Gebräuchen. Menniglich/ was Stands vnd Wirden der sey/ zu besserm der H. Schrifft verständniß/ alter Historien erleuterung/ auch zu betrachtung deß wunderbarlichen glücks vn[d] vnglücks wechsel vnd vnbeständigkeit/ vnd denn der krefftigen hülffe Gottes in nöten/ zu lesen so wol nützlich als lieblich: Denen aber so künfftig dergleichen zu versuchen gesinnet/ zu wissen nötig"
3,Z256474908,http://data.onb.ac.at/ABO/+Z256474908,AC09790206,1550,TravelogueD16 Nordamerika,"Cartas de relación de la conquista de la Nueva España, escritas al Emperador Carlos V., y otros documentos relativos a la conquista, años de 1519-1527; (DE-588)4805681-9",<<Ferdinandi Cortesii.>> Von dem Newen Hispanien/ so im Meer gegem Nidergang/ Zwo gantz lustige vnnd fruchtreiche Historien/ an den großmächtigisten vnüberwindtlichisten Herren/ Carolvm. V. Römischen Kaiser &c. Künig in Hispanien &c. Die erst im M.D.xx.jar zůgeschriben/ in wellicher grundtlich vnd glaubwirdig erzelt wirdt/ der Abendtländern/ vnnd sonderlich der Hochberümpten statt Temixtitan eroberung. Die andere im 1524. jar/ Wie Temixtitan/ so abgefallen/ wider erobert/ Nachmals andere herrliche Syg/ sampt der erfindung des Meers Svr/ So man für das Jndianische Meer achtet. Darzů auch von vilen andern Landtschafften Jndiæ/ So erfunden von dem 1536. biß auf das 42. Jar. Wellicher vilfältige frucht/ nutz vnd lustparkait/ in ainer Sum[m]/ auff das kürtzest/ ainer yetwedern Historien volgendes Tittel begriffen vnd angezaigt wirdt; Erstlich in Hispanischer Sprach von Cortesio selbst beschriben/ Nachmals von Doctor Peter Sauorgnan auß Friaul in Lateinische sprach Transferiert/ Entlich aber in Hochteütsche sprach/ zů ehren vnd auß vnderthänigister gehorsame/ dem Allerdurchleüchtigisten/ Großmächtigisten Fürsten vn[d] Herrn/ Herrn Ferdinanden/ Römischen/ zů Hungern vnd Böhem etc. Künigen/ Jnfante[n] in Hispanien/ Ertzhertzogen zů Osterreich etc. von Xysto Betuleio vn[d] Andrea Diethero von Augspurg/ baiden daselbst gemainer Statt Lateinischen Schůlmaistern
4,Z156771000,http://data.onb.ac.at/ABO/+Z156771000,AC10232182,1582,TravelogueD16 Orient; TravelogueD16 Asien,Aigentliche Beschreibung der Raiss inn die Morgenländer; (DE-588)4816378-8,"<<Leonharti Rauwolfen/ der Artzney Doctorn/ vnd bestelten Medici zů Augspurg.>> Aigentliche beschreibung der Raiß/ so er von diser zeit gegen Auffgang inn die Morgenländer/ fürnemlich Syriam, Iudæam, Arabiam, Mesopotamiam, Babyloniam, Assyriam, Armeniam etc. nicht ohne geringe mühe vnnd grosse gefahr selbs volbracht: neben vermeldung vil anderer seltzamer vnd denckwürdiger sachen/ die alle er auff solcher erkundiget/ gesehen vnd obseruiert hat. Alles in drey vnderschidliche Thail mit sonderem fleiß abgethailet/ vnd ein jeder weiter in seine sondere Capitel/ wie dero jnnhalt in zů end gesetztem Register zůfinden"
5,Z18514390X,http://data.onb.ac.at/ABO/+Z18514390X,AC11093434,1599,TravelogueD16 Asien,Itinerario; (DE-588)4666486-5,"Dritter Theil Indiae Orientalis, Darinnen erstlich das ander Theil der Schifffahrten Joann Huygens von Lintschotten auß Hollandt/ so er in Orient gethan/ begriffen/ vnd fürnemlich alle gelegenheit derselbigen Landen/ Jnsulen/ Meerpforten/ etc. so vnter wegen auffstossen/ vnd dann in Jndia fürkommen/; Wie auch alles/ was der Author allda im Landt/ vnd nachmals auff seiner Widerreyse nach Hollandt gesehen vnd erfahren/ eygentlich beschrieben wirdt. II. Der Holländer Schifffahrt in die Orientalische Jnsulen/ Iauan vnd Sumatra, sampt Sitten/ Leben vnd Superstition/ etc. der Völcker. III. Drey Schifffahrten der Holländer nach obermeldten Jndien/ durch das Mittnächtigsche oder Eißmeer/ darinnen viel vnerhörte Ebentewer. Alles auffs trewlichst von neuwem auß den Niderländischen Exemplarien in Hochteutsch bracht/ vnd in guter Disposition zusammen gefügt. Sampt Vielen schönen künstlichen Figurn/ vnd Landtafeln/ in Kupffer gestochen/ vnd an Tag geben/ durch Io. Theodor vnd Io. Israel de Bry/ Gebrüder"
6,Z15958790X,http://data.onb.ac.at/ABO/+Z15958790X,AC09945812,1589,TravelogueD16 Afrika Asien Europa; TravelogueD16 Orient,Kurtzer und Warhafftiger Bericht Von der Reis aus Venedig nach Hierusalem; 1578,Kurtzer vnd warhafftiger Bericht/ Von der Reyß aus Venedig nach Hierusalem/; Von dannen inn Aegypten/ auff den Berg Sinai/ Alcair/ Alexandria/ vnd folgends widerumb gen Venedig ;  Jetzunder auffs new vbersehen/ vnd mit etzlichen Figuren gemehret; Vollbracht vnd beschrieben/ Durch Johann: Helffrich/ jetzo Bürger inn Leipzig
7,Z185142001,http://data.onb.ac.at/ABO/+Z185142001,AC11085779,1591,TravelogueD16 Nordamerika,Brevis Narratio Eorum Quae In Florida Americae Provincia Gallis acciderunt,"Der ander Theyl/ der Newlich erfundenen Landtschafft Americæ, Von dreyen Schiffahrten/ so die Frantzosen in Floridam (die gegen Nidergang gelegen) gethan; Eine vnter dem Häuptmann H. Laudonniere, Anno 1564. Die ander vnter H. Ribald 1565. Die dritte/ vnter H. Guorguesio 1567. geschehen. Mit Beschreibung vnd lebendiger Contrafactur/ dieser Prouintze/ Gestalt/ Sitten vnd Gebräuch der Wilden/ durch Jacob le Moyne/ sonst Morges genannt/ der alles selbst gesehen/ vnd deßhalben fürnemlich in diese Landschafft verschickt worden; Aus dem Frantzösischen in Latein beschrieben/ durch C. C. A. Vnd jetzt auß dem Latein in Teutsch bracht/ durch den Ehrwirdigen H. Oseam Halen. Auch mit schönen vnd kunstreichen Kupfferstücken/ vnd deren angehenckten Erklärung/ alles an Tag gegeben/ durch Dieterich von Bry/ Bürger in Franckfort am Mayn/ Anno 1591"
8,Z182822001,http://data.onb.ac.at/ABO/+Z182822001,AC10395848,1598,TravelogueD16 Arktis Europa Nordamerika,"Waerachtighe beschryvinghe van drie seylagien, ter werelt noyt soo vreemt ghehoort; (DE-588)7758978-6","Warhafftige Relation. Der dreyen newen vnerhörten/ seltzamen Schiffart/ so die Holländischen vnd Seeländischen Schiff gegen Mitternacht/ drey Jar nach einander/ als Anno 1594. 1595. vnd 1596 verricht; Wie sie Nortvvegen, Lappiam, Biarmiam, vnd Russiam, oder Moscoviam (vorhabens ins Königreich Cathay vnd China zukommen) vmsegelt haben. Auch auch wie sie das Fretum Nassoviæ, VVaygats, Novam Semblam, vnd das Land vnter dem 80. Gradu latitud, so man vermeint das Groenland sey/ gefunden: vnd was für gefahr/ wegen der erschröcklichen Bern/ Meerwunder/ vnd dem Eyß/ sie außgestanden; Erstlich in Niderländischer sprach beschrieben/ durch Gerhart de Ver, so selbsten die letzten zwo Reysen hat helffen verrichten/ jetzt aber ins Hochteutsch gebracht/ Durch Levinum Hulsium"
9,Z180628606,http://data.onb.ac.at/ABO/+Z180628606,AC05831402,1563,TravelogueD16 Asien Europa; TravelogueD16 Orient,Palinodia de los Turcos,Türckische Historien; Von der Türcken Ankunfft/ Regierung/ Königen/ vnd Keysern/ Kriegen/ Schlachten/ Victorien vnd Sigen/ wider Christen und Heiden. Von Emptern/ Befelchs vnd Kriegsleuten der Türckischen Soldanen/ vnd wie man wider den Türcken kriegen sol. Jtem: Von der Türcken Religion unnd Gesatz/ von jrem Gerichts Proceß/ von der gemeinen Türcken Leben/ Wesen/ Handel vn[d] Wandel. Von deß Türckischen Keysers Hofordnung und Hofgesind. Von der Auffruhr zwischen dem Keiser Baiatzeth vnd seinen Sönen. Sampt einer Türckischen Prophecey: Vnd vom elend der armen gefangnen Christen/ etc. Auß Jtalienischer Sprach in vnsere Teütsche verdolmetscht/ durch den Hochgelahrten Heinrich Müller/ der Rechten Licentiaten/ vnd freyen Künst Magister. Endtlich ist mit angehenckt von Vrsachen der Christen verderben/ vnd wie man sich in solchen nöhten schicken sol. Vorhin in Teutscher Sprach nie an tag kommen/ vnd alles in drey Bücher eyngetheilt/ wie bald nach der Vorred zůsehen
10,Z159579604,http://data.onb.ac.at/ABO/+Z159579604,AC09923694,1561,TravelogueD16 Asien; TravelogueD16 Orient,Warhafftige beschreybung der Meerfart,Warhafftige beschreybung der Meerfart; so von den Gestrengen/ Edlen vn[d] Ehrenfesten Stephan von Gumpenberg/ Friderich von Wolffskel/ vnnd Hans von Rameraw/ Auch dem Ehrsamen Hans Strigel vnd Nicolao Magerer/ bede Burger zů Würtzburg/ sampt vier Dienern/ eim Koch/ eim Maler/ eim Reüter/ eim Schreyber/ vnnd eim Caplan von Würtzburg/ so Johann Eyselsaner geheissen/ im Winter ist vollbracht worden/ wie sie mit hülff deß Allmechtigen zum heyligen Grab/ vnd fürters gen Damascon/ da Sanct Paulus bekert ist worden/ vnnd andere end der Heydenschafft/ geweßt/ vnd was für angst/ not vnd gefar sie erlitten/ auch wunders gesehen vnd erfaren haben/ etc. Von tag zů tag fleissig vnd gründtlich beschriben/ vnd in Truck verfertigt/ vor niemals gesehen
10,Z159579501,http://data.onb.ac.at/ABO/+Z159579501,AC10388659,1561,TravelogueD16 Afrika Asien Europa; TravelogueD16 Orient,Reise in das Gelobte Land; (DE-588)4698157-3,Gründtlicher und Eigentlicher Bericht der Meerfart/ Johan Thůcher/ einer deß kleinen Rahts vnnd Burger zů Nürnberg/ gen Venedig/ Jerusalem/ zů S. Katharinen Berg/ Sinay/ Alexandria/ vn[d] wider gen Nürnberg gethan/; Was wunders er zů Wasser vnd Land/ vnd was sich die Bilger in dem heyligen Landt/ auch in der Wüsten biß zum Roten Meer/ leyden müssen/ erfaren hat/ mit fleiß beschriben/ vnd in den Truck verfertiget
11,Z168353709,http://data.onb.ac.at/ABO/+Z168353709,AC09974246,1598,TravelogueD16 Asien,Verhael vande Reyse by de Hollandtsche Schepen gedaen naer Oost Indien,"Kurtze Warhafftige Beschreibung der newen Reyse oder Schiffahrt/ so die Hollendischen Schiff/ in denn Orientalischen Indien verricht: Welche Anno 1595. in Martio, Alda außgefahrn vnd erst im Augusto deß verlauffenen 1597 Jahrs/ widerkommen seind; Darinne der gantz succes der Reyse/ was sich täglich verlauffen vnd zugetragen/ erzält wird; Auß der Niderlendischen jn hochteutsche Sprach treulich verdolmetschet/ Durch Levinum Hulsium. Es seind auch etliche nötige erklerung darzwischen gebracht/ vnd mit Carten vnd figurn geziert worden"
11,Z168353801,http://data.onb.ac.at/ABO/+Z168353801,AC09974253,1599,TravelogueD16 Asien,Verhael vande Reyse by de Hollandtsche Schepen gedaen naer Oost Indien,Erste Schiffart. Kurtze Warhafftige Beschreibung der Newen Reyse oder Schiffart/ so die Hollendischen Schiff in den Orientalischen Jndien/ verricht: Welche Anno 1595. in Martio/ Alda außgefahren/ vnd erst im Augusto des verlauffenen 1597. Jahrs/ wider kommen seind; Darinne der gantz Succes der Reyse/ was sich täglich verlauffen vnnd zugetragen/ erzehlt wird. Auß der Niderländischen in Hochteutsche sprach trewlich verdolmetschet. Durch Levinum Hulssium. Es sind auch etliche nötige erklehrung darzwischen gebracht/ vnd mit Carten vnnd Figuren geziret worden
12,Z18515720X,http://data.onb.ac.at/ABO/+Z18515720X,AC10477476,1597,TravelogueD16 Südamerika,Wahrhafftige Historien einer wunderbaren Schiffart; (DE-588)4247028-6,Das VII. Theil America. Warhafftige vnnd liebliche Beschreibung etlicher fürnemmen Jndianischen Landschafften vnd Jnsulen/ die vormals in keiner Chronicken gedacht/ vnd erstlich in der Schiffart Vlrici Schmidts von Straubingen/ mit grosser gefahr erkündigt/; vnd von jhm selber auffs fleissigst beschrieben vnd dargethan. Vnd an Tag gebracht durch Dieterich von Bry
12,Z168354106,http://data.onb.ac.at/ABO/+Z168354106,AC09974254,1599,TravelogueD16 Südamerika,Wahrhafftige Historien einer wunderbaren Schiffart; (DE-588)4247028-6,Vierte Schiffart. Warhafftige Historien Einer Wunderbaren Schiffart/ welche Vlrich Schmidel von Straubing/ von Anno 1534. biß Anno 1554 in Americam oder Newenwelt/ bey Brasilia vnd Rio della Plata gethan; Was er in diesen Neuntzehen Jahren außgestanden/ vnd was er für seltzame Wunderbare Länder vnd Leut er gesehen; durch ermelten Schmidel selbs beschrieben / An jetzt aber an Tag geben mit Verbesserung vnd Corrigierung der Stätt/ Länder vnd Flüß namen/ deßgleichen mit einer nothwendigen Landtaffel/ Figuren/ vnd anderer mehr Erklerung/ gezieret/ Durch Levinvm Hvlsivm
13,Z185142207,http://data.onb.ac.at/ABO/+Z185142207,AC11085838,1593,TravelogueD16 Südamerika,Wahrhaftige Historia; (DE-588)4401116-7,"Dritte Buch Americæ, Darinn Brasilia durch Johann Staden von Homberg auß Hessen/ auß eigener erfahrung in Teutsch beschrieben; Item Historia der Schiffart Ioannis Lerij in Brasilien/ welche er selbst publiciert hat/ jetzt von Newem verteutscht/ Durch Teucrium Annæum Priuatum, C. Vom Wilden vnerhörtem wesen der Jnnwoner/ von allerley frembden Gethieren vnd Gewächsen/ sampt einem Colloquio, in der Wilden Sprach. Alles von Newem mit künstlichen Figuren in Kupffer gestochen vnd an Tag geben/ Durch Dieterich Bry von Lüttich/ jetzt Burger zu Franckfurt am Mayn"
13,Z185142104,http://data.onb.ac.at/ABO/+Z185142104,AC11085738,1590,TravelogueD16 Nordamerika,<<A>> brief and true report of the new found land of Virginia; (DE-588)111468466X,Wunderbarliche/ doch Wahrhafftige Erklärung/ Von der Gelegenheit vnd Sitten der Wilden in Virginia/; welche newlich von den Engelländern/ so im Jar 1585. vom Herrn Reichard Greinuile/ einem von der Ritterschafft/ in gemeldete Landschafft die zu bewohnen geführt waren/ ist erfunden worden/ Jn verlegung H. Walter Raleigh/ Ritter vnd Obersten deß Zinbergwercks/ auß vergünstigung der Durchleuchtigsten vnnd Vnvberwindlichsten/ Elisabeth/ Königin in Engelland/ etc.; Erstlich in Engelländischer Sprach beschrieben durch Thomam Hariot/ vnd newlich durch Christ. P. in Teutsch gebracht
13,Z165780108,http://data.onb.ac.at/ABO/+Z165780108,AC10336601,1557,TravelogueD16 Südamerika,Wahrhaftige Historia; (DE-588)4401116-7,Warhaftige Historia vnd beschreibung eyner Landtschafft der Wilden/ Nacketen/ Grimmigen Menschfresser Leuthen/ in der Newenwelt America gelegen; vor vnd nach Christi geburt im Land zů Hessen vnbekant/ biß vff dise ij. nechst vergangene jar/ Da sie Hans Staden von Homberg auß Hessen durch sein eygne erfarung erkant/ vnd yetzo durch den trock an tag gibt. Dedicirt dem Durchleuchtigen Hochgebornen herrn/ H. Philipsen Landtgraff zů Hessen/ Graff zů Catzenelnbogen/ Dietz/ Ziegenhain vnd Nidda/ seinem G. H.  Mit eyner vorrede D. Joh. Dryandri/ genant Eychman/ Ordinarij Professoris Medici zů Marpurgh.
14,Z163300909,http://data.onb.ac.at/ABO/+Z163300909,AC09625464,1593,TravelogueD16 Südamerika,Wahrhaftige Historia; (DE-588)4401116-7,"Dritte Buch Americæ, Darinn Brasilia durch Johann Staden von Homberg aus Hessen/ aus eigener erfahrung in Teutsch beschrieben; Item Historia der Schiffart Ioannis Lerij in Brasilien/ welche er selbst publiciert hat/ jetzt von Newem verteutscht/ Durch Teucrium Annæum Priuatum, C. Vom Wilden unerhörtem wesen der Jnnwohner/ von allerley frembden Gethieren vnd Gewächsen/ sampt einem Colloquio, in der Wilden Sprach Alles von newem mit künstlichen Figuren in Kupffer gestochen vnd an Tag geben/ Durch Dieterich Bry von Lüttich/ jetzt Burger zu Franckfurt am Mayn"
14,Z256472808,http://data.onb.ac.at/ABO/+Z256472808,AC09878147,1580,TravelogueD16 Nordamerika Arktis,<<A>> true reporte of the laste voyage into the west and northwest regions,Beschreibung Der schiffart des Haubtmans Martini Forbißher auß Engelland/ in die Lender gegen West vnd Nordwest/ im Jar 1577.; Darinnen diser Lender Jnwohner sitten vnd weiß zu leben/ sampt jren Trachten vnd Waffen Abcontrefeiung/ auch andern/ zuuor vnbekandten vnd sonderlichen sachen/ angezeigt wirdt. Auß dem Frantzösischen auffs trewlich in das Teutsche gebracht
14,Z176246604,http://data.onb.ac.at/ABO/+Z176246604,AC09891630,1581,TravelogueD16 Südamerika Afrika Asien; TravelogueD16 Orient,Verdadeira informação das terras do Preste João das Indias; (DE-588)1023275082,General Chronica/ Das ist: Warhaffte eigentliche vnd kurtze Beschreibung/ vieler namhaffter/ vnd zum theil biß daher vnbekannter Landtschafften/ Erstlich deß Großmechtigen vnd gewaltigen Herrn Priester Johan[n]s/ Königs in Morenlandt/ Königreichen vnd Herrschafften/ auch derselbigen beyde Geistliche vnd Weltliche Regiment; Zum andern ein gemeine Beschreibung deß gantzen Erdbodems/ in drey Bücher getheilt/ nemlich/ Asiam/ Aphricam/ vnd Europam/ vnd was sich fürnemlich darinnen für guts vnd böses/ zu Wasser vnd Landt/ mit Krieg/ Brunst/ Hunger vnd dergleichen/ von anfang der Welt/ biß vff erbauwung der Statt Rom/ vnd von dannen biß zu der zeit Honorij vnd Theodosij/ begeben vnd zugetragen hat. Zum dritten vnd letzten/ ein kurtzer Summarischer doch verstendtlicher Außzug vnd Beschreibung der neuw erfundenen Jnseln/ Americe vnd Magellane/ so man die neuwe Welt pfelgt zu nennen. Darinnen alle Völcker vnd Nationen/ die in der gantzen Welt (als viel deren jetziger zeit bekannt sind) wohnen/ sampt jhrer Ankunfft vnd Herkommen/ auch Art vnd Natur/ Jtem Ceremonien vnd Gebräuchen in Geistlichen vnd Weltlichen sachen/ trewlich beschrieben/ vnd gleich als in einer Tafel abgemalt/ für die Augen gestelt werden. Jetzt auffs neuw mit sonderm grossen fleiß/ besser als zuuor/ beschrieben vnd verteutscht/ auch mehrer richtigkeit halben in drey vnderschiedliche Bücher getheilt/ dergleichen noch niemals außgangen; [Francisco Álvares]
14,Z164172903,http://data.onb.ac.at/ABO/+Z164172903,AC11093167,1597,TravelogueD16 Afrika,Relatione del reame di Congo e delle circonvicine contrade,Regnvm Congo hoc est Warhaffte vnd Eigentliche Beschreibung deß Königreichs Congo in Africa/ vnd deren angrentzenden Länder/ darinnen der Jnwohner Glaub/ Leben/ Sitten vnd Kleydung wol vnd außführlich vermeldet vnd angezeigt wirdt; Erstlich durch Eduart Lopez/ welcher in dieser Nauigation alles Persönlich erfahren/ in Portugalesischer Spraach gestellt/ Jetzo aber in vnser Teutsche Spraach transferiret vnd vbersetzt/ Durch Avgvstinvm Cassiodorvm. Auch mit schönen vnd Kunstreichen Figuren gezieret vnd an Tag geben/ durch Hans Dietherich vnd Hans Jsrael von Bry/ Gebrüder vnd Bürger zu Franckfurt
15,Z159588009,http://data.onb.ac.at/ABO/+Z159588009,AC10316415,1591,TravelogueD16 Asien Europa; TravelogueD16 Orient,Gründtliche Beschreibung Der Wallfart nach dem Heiligen Lande; 1580,Gründtliche Beschreibung:  Der Wallfart nach dem heyligen Lande/ Neben vermeldung der jemmerlichen vnd langwirigen Gefengnuß derselben Gesellschafft/ etc.; Gestellet durch den Edelen/ Ehrenvehsten/ Melchior von Seydlitz/ auff Nicklaßdorff vnd Wirben/ in Schlesien. Auffs newe vom Authore vbersehen vnd corrigirt/ Vnd mit vnterschiedlichen Capiteln zum bessern versstandt des Lesens gerichtet. Allen Christen/ vnd insonderheit denen vom Adel/ zu guter nachrichtung  in Druck gefertiget
15,Z175034204,http://data.onb.ac.at/ABO/+Z175034204,AC10316413,1582,TravelogueD16 Orient; TravelogueD16 Asien Europa,Gründtliche Beschreibung Der Wallfart nach dem Heiligen Lande; 1580,Gründtliche Beschreibung Der Wallfart nach dem heiligen Lande/ Neben vermeldung der jemmerlichen vnd langwirigen Gefengnuß derselben Gesellschaft/ etc.; Gestellet durch den Edlen/ Ehrnvhesten/ Melchior von Seydlitz/ auff Nicklaßdorff vnd Wirben/ in Schlesien/ Welcher persönlich solche Noth vnd Elend außgestanden. Auffs newe vom Autore vbersehen vnd corrigirt/ Vnd mit vnterschiedlichen Capiteln zum bessern verstandt des lesens gerichtet. Allen Christen/ vnd insonderheit denen vom Adel/ zu guter nachrichtung/ in Druck gefertiget
15,Z168091302,http://data.onb.ac.at/ABO/+Z168091302,AC10316414,1584,TravelogueD16 Asien Europa; TravelogueD16 Orient,Gründtliche Beschreibung Der Wallfart nach dem Heiligen Lande; 1580,Gründtliche Beschreibung  Der Wallfart nach dem heyligen Lande/ Neben vermeldung der jemmerlichen vnd langwirigen Gefengnuß derselben Gesellschafft/ etc.; Gestellet durch den Edlen/ Ehrnvhesten/ Melchior von Seydlitz/ auff Nicklaßdorff vnd Wirben/ in Schlesien/ Welcher persönlich solche Noth vnd Elendt außgestanden. Auffs newe vom Authore vbersehen vnd corrigirt/ Vnd mit vnterschiedlichen Capiteln zum bessern verstandt des lesens gerichtet. Allen Christen/ vnd insonderheit denen vom Adel zu guter nachrichtung in Druck gefertiget
15,Z184140306,http://data.onb.ac.at/ABO/+Z184140306,AC10316412,1580,TravelogueD16 Orient; TravelogueD16 Asien Europa,Gründtliche Beschreibung Der Wallfart nach dem Heiligen Lande; 1580,Gründtliche Beschreibung Der Wallfart nach dem heiligen Lande/ neben vermeldung der jemmerlichen vnd langwirigen Gefengnuß derselben Gesellschaft/ etc.; Gestellet durch den Edlen Ehrnvhesten/ Melchior von Seydlitz/ auff Nicklaßdorff vnd Wirben/ in Schlesien/ Welcher persönlich solche Noth vnd Elend außgestanden. Auffs new vom Authore vbersehen vn[d] corrigirt/ Vnd mit vnterschiedlichen Capiteln zum bessern verstandt des lesens gerichtet. Allen Christen/ vnd insonderheit denen vom Adel zu guter nachrichtung in Druck gefertiget
16,Z253367704,http://data.onb.ac.at/ABO/+Z253367704,AC05753248,1577,TravelogueD16 Orient; TravelogueD16 Asien Europa,Palinodia de los Turcos,Türckische Chronica; Warhaffte eigentliche vnd kurtze Beschreibung/ der Tuercken Ankunfft/ Regierung/ Königen/ vnd Keysern/ Kriegen/ Schlachten/ Victorien vnd Sigen/ wider Christen vnd Heyden. Von Emptern/ Befelchs vnd Kriegßleuten/ der Türckischen Soldanen/ vnd wie man wider den Türcken kriegen sol. Jtem: Von der Türcken Religion vnd Gesatz/ von jrem Gerichts Proceß/ von der gemeinen Türcken Leben/ Wesen/ Handel vnd Wandel/ vnd deß Türckischen Keysers Hofordnung vnd Hofgesind. Von der Auffruhr zwischen dem Keyser Baiazeth vnd seinen Sönen. Sampt einer Türckischen Prophecey: Vnd vom Elend der armen gefangnen Christen etc. Endtlich ist mit angehenckt von Vrsachen der Christen verderben/ vnd wie man sich in solchen nöhten schicken soll. Alles in drey Bücher eyngetheilt/ wie bald nach der Vorred zu sehen; Vormals auß Jtaliänischer Sprach in vnser Teutsche verdolmetscht/ durch weyland den Hochgelehrten Heinrich Müller/ der Rechten Licentiaten/ vnd der freyen Künst Magister: Jetzund aber biß auff den jetzregierenden Türckischen Keyser Amurath/ den andern/ erlengt/ auß sonderm fleiß durchsehen/ mit schönen neuwen Figuren geziert/ vnd Teutscher Nation zu gut an tag geben
16,Z224270704,http://data.onb.ac.at/ABO/+Z224270704,AC10170010,1582,TravelogueD16 Orient; TravelogueD16 Asien Europa,,Beschreibung Einer Legation vnd Reise/ von Wien aus Ostereich auff Constantinopel/ Durch den Wolgebornen Herrn / Herrn Dauid Vngnadn/ Freyherrn zu Sonneck/ vnd Pfandsherrn auff Bleyburgk/ Auß Römischer Keyserlichen Maiestat befehlig vnd abforderung/ Anno 72. verrichtet; Darinn die Geschenck so S. G. dem Türcken/ seinen Räthen vnd Befehlichhabern selbst vberantwortet/ vnd sonsten viel schöner Historien/ Antiquiteten vnd Geschichte/ gar lustig zu lesen/ beschrieben vnnd verfasset sein/ vormals nie außgangen. Jtzund aber in Druck verfertiget; Durch M. Franciscvm Omichivm
16,Z25647300X,http://data.onb.ac.at/ABO/+Z25647300X,AC06547319,1589,TravelogueD16 Asien,"Historia de las cosas más notables, ritos y costumbres del gran Reyno de la China; 1585",<<Ein>> Neuwe/ Kurtze/ doch warhafftige Beschreibung deß gar großmächtigen weitbegriffenen/ bißhero vnbekandten Königreichs China:; Seiner fünffzehen gewaltigen Prouincien: vnsäglicher grosser  vnd vieler Stätt/ Fruchtbarkeit/ vberschwenglichen grossen Reichthumbs an Perlen/ Edelgesteinen/ Goldt/ Silber vnd andern Metallen/ grosser  vnerhörter Kriegsmacht/ zu Wasser vnnd Landt/ auch fürtrefflichem/ wolangestelltem/ vernünfftigem Regiment vnnd Policey/ vnd deß Volcks in gemein Geschick vnd Scharpfsinnigkeit/ dergleichen in keiner Historien/ weder bey Meden/ Persen/ Assyrier/ Jnden/ Griechen/ Römern/ noch einigen andern Völckern in der weiten Welt jemals befunden. Bey gantz neuwlichen Jahren erkündiget/ hernacher in Hispanischer Sprach beschrieben/ auß derselbigen in die Jtalianische/ vnnd nunmehr in HochTeutsch gebracht. Den vbrigen Jnhalt wirdt die Vorrede außweisen; [Juan González de Mendoza. Übersetzer: Johann Kellner]
16,Z175148507,http://data.onb.ac.at/ABO/+Z175148507,AC10264057,1508,TravelogueD16 Afrika Südamerika Nordamerika,Paesi novamente retrovati; (DE-588)7517603-8,Newe vnbekanthe landte Und ein newe weldte in kurtz vergangner zeythe erfunden; [Kompilator: Fracanzano da Montalboddo ; Übersetzer: Jobst Ruchamer]
16,Z224214403,http://data.onb.ac.at/ABO/+Z224214403,AC09673645,1520,TravelogueD16 Nordamerika,,Ein auszug ettlicher sendbrieff dem aller durchleüchtigisten großmechtigiste[n] Fürsten vnd Herren Herren Carl Römischen vnd Hyspanische[n] König etc. vnserm gnedigen hern durch ire verordent Hauptleut/ von wegen einer newgefunde[n] Jnseln/ der selbe[n] gelegenheit vnd jnwoner sitten vn[d] gewonheite[n] vor kurtzuerschinen tagen zugesandt
17,Z167120501,http://data.onb.ac.at/ABO/+Z167120501,AC09705794,1587,TravelogueD16 Europa,,Newe/ warhaffte/ außführliche Beschreibu[n]g/ der Jüngstabgesandten Japonischen Legation gantzen Raiß/ auß Japon biß gen Rom/ vnd widerumb von dannen in Portugal/ biß zů jhrem abschid auß Lißbona; Auch vonn grossen Ehren/ so jhnen allenthalben / von Fürsten vnnd Herrn erzaigt/ vnd was sich sunst mit jhnen verloffen. Mit vorgehender beschreibung der Japonischen Landsart/ Gebreuch/ Sitten vnd Natur. Jetzt auß dem Jtalianischen in Teutsche Sprach gebracht
17,Z158700100,http://data.onb.ac.at/ABO/+Z158700100,AC09949113,1560,TravelogueD16 Europa Asien; TravelogueD16 Orient,,Sigmund Freyherr zů Herberstain Neyperg/ vnd Guttenhag/ oberster Erbcamrer vnd oberster Druchsas in Kärnttn. Den Gegenwurtign vnd nachkomendn Freyherrn zu Herberstain. Seines thuns dienstn vnnd Raisens mit trewer vermanung sich zu Tugenden und guetem weesn schicken
17,Z204534306,http://data.onb.ac.at/ABO/+Z204534306,AC10191033,1531,TravelogueD16 Europa,,WArhafftyge vnd aigentliche verzaichnüs der Allerdurchleichtigisten großmechtigisten vn[n]serer aller gnedigiste[n] herrn Kayser Karls des fünfften/ sambt  seiner Kayser. Maiestat Brüders Künig Ferdinanden etc. Wegnemen/ oder Raiß/ nach enndung jüngst gehaltenen Kayserlice[n] Reychstag/ von Augspurg nach Cölln/ zů der fürgenom[m]en Election des Rö. Künigs/; wie desselben waal volpracht/ Volgend d[er] Einzug vnnd die Crönung zů Alach/ mit der Solemniter darzů gehörig gehallten/ vnd verricht/ Vnd wie nach dem allen hochgedachte Rö. Kayer vnd König jhren Brüderlichen schone[n] abschied von einand[er] genom[m]en haben/ alles verloffen/ zum tail jm. 30. vnd das maist jm 31. Jar; [Paul Pesel]
17,Z182900000,http://data.onb.ac.at/ABO/+Z182900000,AC09661418,1530,TravelogueD16 Europa,Ain kurtze anzaygung und beschreybung Römischer Kayserlicher Maiestat einreyten,Ain kurtze anzaygung vnd beschreybung Römischer Kayserlicher Maiestat einreyten Erstlich von Jnnßpruck gen Schwatz/ volgendt zů München/ vn[d] zůletst gen Augspurg auf den Reychstag/ vnd was sich mittler zeyt daselbst täglich verlauffen vnnd zůgetragen hatt/ Anno. etc. 1530.
17,Z184929303,http://data.onb.ac.at/ABO/+Z184929303,AC09954175,1552,TravelogueD16 Europa,,Ain Schen New Bůch/ lustig zů Lesen / den gantzen zug/ vnd Raiß/ des Durchleüchtigisten Fürsten/ vnd Herrn / Herrn Philippo Printze[n] auß Hispanie[n] etc.; Seiner Fürstliche[n] Durchleüchtigkait ankunfft zů Genua / Den durchzug Jtalien/ Germanien/ vnd dero Erblichen Niderburgundischen Landen / was Thurnier / Kampff / manicherlay Ritterspil/ sambt andern wunderbarlichen Bancketen/ Lust vnd freüden Spilen/ Entgegen ziehung/ herrlichen Empfahen/ Schanckungen/ auch allem dem jenigen/ so nach eines yeden Fürstenthumbs Lands/ Stat/ oder orts/ seiner gelegenhait vermüge/ jhr Durchleücht Eer bewisen vnd erpotten/ von meil zů meil/ besonnders nutzlich dem wanderten beschriben worden/ von Anno 1549. biß auff 51. Jar geschehen.; [Hans Heusl]
17,Z168091405,http://data.onb.ac.at/ABO/+Z168091405,AC10117461,1586,TravelogueD16 Asien Europa; TravelogueD16 Orient,Grundliche und warhafftige Beschreibung der loblichen und ritterlichen Reise und Meerfart in das heilige Land nach Hierusalem,Gründliche vnd warhafftige beschreibung DEr löblilchen vnd Ritterlichen Reise vnd Meerfart in das heilige Land nach Hierusalem/ des Durchlauchtigen vnd Hochgebornen Fürsten vnnd Herrn/ Herrn Albrechten/ Hertzogen zu Sachssen/ Landgraffen in Düringen/ Marggraffen zu Meissen/ etc. Hochlöblicher gedechtnüs; Dabey ein kurtzer Außzug der Pilgramschafft ins gelobte Land/ Hertzog Wilhelmen zu Sachssen/ auch anderer Fürsten aus diesem hochlöblichen Stammen/ So wol etlicher Graffen/ vom Adel/ vnd anderer/ so mit vnd darbey gewesen/ zubefinden; Gestellet durch Den Gestrengen vnd vesten Hansen von Mergenthal/ etc. So selbsten persönlich mit vnd darbey gewesen/ etc. Jetzund zum ersten mal in Druck außgangen
17,Z18244920X,http://data.onb.ac.at/ABO/+Z18244920X,AC10478357,1530,TravelogueD16 Europa,Ain kurtze anzaygung und beschreybung Römischer Kayserlicher Meistat einreyten,Ain kurtze anzaygung vnd beschreybung Römischer Kayserlicher Maiestat einreyten/ Erstlich von Jnnßpruck gen Schwatz/ volgendt zů München/ vn[d] zůletst gen Augspurg auf den Reychstag/ vnd was sich mittler zeyt daselbst täglich verlauffen vnnd zůgetragen hatt/ Anno. etc. 1530.
18,Z165709803,http://data.onb.ac.at/ABO/+Z165709803,AC10145229,1590,TravelogueD16 Asien Europa; TravelogueD16 Orient,Annales sultanorum Othmanidarum,"Neuwe Chronica Türckischer nation/ von Türcken selbs beschrieben; volgendts gemehrt/ vnnd in vier Bücher abgetheilt: Das Erst/ Gitabi Teuarichi, Chronic oder Zeitbuch der Fürsten Osmanischen stammens: von jhrem Vrsprung/ Auffnemen/ Regiment/ Gewalt/ Kriegen/ Tugendt/ Vntugendt/ succession, vom ersten Osman Chan/ biß auff den Sultan Suleiman Chan/ vnd das 1550. jar Christi: Welches der Edel vnd Gestreng/ Herr Jeronymus Beck von Leopoldstorff/ etc. im nechst folgenden 1551. Jar von Constantinopol mit sich bracht. Das Ander/ Von Türckischen geschichten/ die nach dem 1550. jar Christi/ biß auffs 1590. sich zugetragen. Das Dritt/ Pandectes Türckischer histori/ Das ist/ vollkomner Bericht allerley Türckischer sachen/ vnd Erklärung derselben. Das Viert/ Etliche Particular Beschreibungen mercklicher/ vnd zur Türckischen histori gehörigen geschicht; Alles jetzo durch Hansen Lewenklaw von Amelbeurn/ vnser Teutschen Nation zu sonderm nutz vnd wolgefallen zusammen gefasst/ gestellt/ vbersehen/ vnnd in Truck verfertigt"
18,Z156843801,http://data.onb.ac.at/ABO/+Z156843801,AC09750782,1596,TravelogueD16 Orient; TravelogueD16 Asien Europa,Legationis Turcicae epistolae quatuor,"Reysen VNd Bottschafften/ welche auf gnedigsten Befelch/ beyder Vnüberwindlichsten Allermächtigsten Keyser Ferdinandi vnd Maximiliani II. Der gantzen Christenheit zu höchsten nutzen glücklich vollendet hat / Der Edel Ehrnvest vn[d] hochgelert Augerius Gislenius Busbeck, jhrer Maiest. Rath/ vnd bestellter Orator, an Soleiman den Türckischen Käyser; Sampt beygefügtem Rathschlag/ welchen der hoch vnd wolgeborne Fürst vnd Herr/ Herr Carle Graff zu Mansfeld/ wie in der Prefation zu sehen/ vor der Festung Gran/ Ritterlich ins werck gerichtet hat"
18,Z178362103,http://data.onb.ac.at/ABO/+Z178362103,AC10078395,1598,TravelogueD16 Afrika Asien Europa,Meer oder Seehanden Buch,Meer oder Seehanen Buch/ Darinn Verzeichnet seind/ die Wunderbare/ Gedenckwürdige Reise vnd Schiffarhten/ so recht vnd billich geheissen Meer vnd Seehanen/ der Königen von Hispania/ Portugal/ Engellandt vnd Franckreich/ inwendig den letst vergangnen hundert Jahren/ gethan; Auff vnd durch welche Schiffarten/ ein Newe Welt gegen Nidergang/ vnd grosse Königreichen/ Landtschafften vnd Jnsulen/ gegen Auffgang gelegen/ erfunden vnd entdeckt seind. Hierzu seind noch gesetzt zwey seltzsame vnd gedenckwürdige Stück. Das eine ist/ Die Erzehlung der Schiffart/ so im Jar 1594. gethan siben Schiff/ welche die Vnierte Niderländische Ständ geschickt gegen Mitternacht/ vmb von dannen jren lauff nach China zu nemen. Dieselbige Schiff sein gefahren/ durch die Enge oder Straß zwischen den Landtschafften/ des Großfürsten von der Moscow/ vnd der Jnsel Watgatz/ bey Noua Zemla gelegen/ biß ins grosse Tartarische Meer/ Welches auff Latein Oceanus Scythicus oder Mare Tabin genennet wirt/ vnd haben entdeckt den Fluß  Gilissy/ nur 13. Meil vom grossen Fluß Obij gelegen. Das ander stück ist. Ein Warhaffter/ klarer/ eigentlicher Bericht/ von der weiten vn[d] wunderbaren Reise oder Schifffahrt/ so drey Schiff vnd ein Pinaß/ auß Holland/ biß in Jndien gegen Auffgang gethan. Dieselbe Schiff seind von Texel in Hollandt abgefaoren am andern tag Aprilis/ im Jar 1595. Haben vmbgesagelt das Vorhaupt Bonæ Spei/ vnd seind ahn der grossen Jnsel Madagascar/ jetzt S. Laurentz Jnsel geheissen/ angefahren. Von dannen seind sie gesagelt gen Samatra/ vorzeiten Taprobana/ vnd fehrner gen Bantam/ ein grosse Gewerbstatt in der Jnsel Iaua Maior/ weiterg gen Sidaya/ vnd der Jnsel Bally. Von dannen seind sie am 26. Februarij 1597. wider nach Hollandt gefahren/ vnd ohn jrgendts ahnzuländen/ am 10. tag Augustmonats desselben Jars mit freuden zu Hauß ankom[m]en. Haben mit bracht Pfeffer/ Nägelein/ Muscat Nüß vnd Blumen. Neben dem einen wunderbarlichen Vogel/ der Fewrkolen verschlucket. Gantz lustig zulesen; Dise Reisen vnd Schiffahrten seind zusamen/ auß andern Spraachen ins Teutsch gebracht/ Durch Conrad Löw der Historien Liebhaber
18,Z170807409,http://data.onb.ac.at/ABO/+Z170807409,AC09821237,1596,TravelogueD16 Nordamerika,,"Franciscus Dracus Redivivvs. Das ist/ Kurtze Beschreibung/ aller vornehmbsten Reysen / Schiffarten vnnd Wasserschlachten / So der weitberümbte Englische Admiral, Franciscus Dracus, welcher inn zwey Jahren vnd zehen Monaten orbem Mundi beschiffet/ hin vnd wider bey Pleymeuten/ Cartsag: S. Domingo. August: Florida vnd der Jnsul Cuba/ in seinem Leben glücklich gehalten vnd vollbracht. Jtem von der jetzigen Engelischen Admiraln vnnd Schiffobersten bey Calis Malis verrichten vnd Abzug/ vnd was sie noch weiter daselbsten herumb biß Dato vorhaben/ ect. Alles in drey Kupfferstück ordentlich vorgebildet/ vnd durch Ziffern erkläret/ etc."
18,Z185157107,http://data.onb.ac.at/ABO/+Z185157107,AC11092625,1599,TravelogueD16 Nordamerika Südamerika,Discoverie of Guiana; (DE-588)4489710-8,"Americæ Achter Theil/ Jn welchem Erstlich beschrieben wirt das Mächtige vnd Goldtreiche Königreich Guiana/ zu Norden deß grossen Flusses Oronoke, sonsten Oregliana genannt/ gelegen/ sampt desselbigen fürnembsten vnd reichsten Hauptstätten Manoa vnd Macuieguarai, auch die fürnembste vnd köstlichste Kauffmannschafften die dieses Königreich vberflüssig in sich hat; Jtem/ Eine kurtze Beschreibung der vmbligenden Landtschafften Emereia, Arromaia, Amapaia,  Topago, &c. in welchen neben andern Völckern die Kriegische Weiber/ von den Alten Amazones genannt/ wohnen/ sampt kurtzer meldung 53. grosser Wasserströhm/ vnter denen der Oronoke der gröste ist/ vnd sich wol 500. Teutscher Meil in das Landt hineyn/ bey nahe an die mächtige Statt Quito in Peru, erstreckt. Alles mit fleiß beschrieben durch den gestrengen/ Edlen vn[d] vesten Walthern Ralegh, Rittern/ vnd Hauptmann vber jrer Kön. Mayest. auß Engellandt Leibs Guardi/ welcher neben dem auff dem Meer auch wolgeübten Hauptmann/ Lorentz Keymis alles selber erfahren vnd gesehen hat im Jar 1595. vnd 1596. Zum andern/ die Reyse deß Edlen vnd vesten Thomas Candisch, welcher im Jar 1586. mit 3. Schiffen in Engellandt außgefahren/ vnd nach dem er das Meer bey die 13000. Engelländischer Meil besegelt/ in Anno 1588. wider an ist gelanget/ sampt Erzehlung aller Abentheuwer vnd Geschichten so jm auff dieser Reyß zu handen gestossen seynd. Durch Frantzen Prettie einen Engelländer/ welcher dieser Fahrt Persönlich hat beygewohnet/ von Tag zu Tag auffgezeichnet. Vnd zum dritten die letzte Reyß der gestrengen/ Edlen vnd vesten Frantzen Draeck vnd Iohan Havckens, Rittern/ welche Anno 1595. mit 6. der Königin vnd 21. andern Schiffen/ darauff 2500. Mann gewesen/ in Engellandt abgesegelt in die Occidentalische Jndien/ die Statt Panama eynzunemmen/ Auff welcher Reyse sie beyde jr Leben beschlossen haben. Alles erstlich in Engelländischer Sprach außgangen/ jetzt aber auß der Holländischen translation in die Hochteutsche Sprache gebracht/ durch Avgvstinvm Cassiodorvm Reinivm. Mit etlichen schönen Kupfferstücken geziert vnd an Tag gegeben/ durch Dieterichen von Bry seligen/ hinderlassene Erben"
18,Z180631800,http://data.onb.ac.at/ABO/+Z180631800,AC09705657,1592,TravelogueD16 Asien,"Warhafftiger Bericht, Von den Newerfundnen Japponischen Jnseln vnd Königreichen auch von anderen zuvor vnbekandten Jndianischen Landen; 1586","Cosmographische vnd Warhafftige Beschreibung/ der Newerfundenen Orientalischen/ Japponischen Königreichen/ Landtschafften/ Jnseln vnd Stätten; sam[m]t andern bißher vnbekante Jndianische Länder/ darin deß newen erfundenen Volcks Sitten/ Gebräuchen/ Gebäwen/ Gewechsen/ Kleydung/ Reichtumb/ Rechten/ Heydnische Gottsdiensten/ erklerung jrer Sprache vnd Buchstaben/ auch jr schreiben an die Legaten/ vnd wie etliche Priester in diesem Lande sind gemartert vnnd vmbracht worden/ vnd welcher gestalt sie den Römischen Glauben angenom[m]en haben/ sampt andere jrer gelegenheit/ gar lustig vnd kurtzweilig zu lesen; Auß der Jtalianische Sprache ins Teutsch vertiert. Durch Renvvardvm Cysatvm, Lucernensem"
18,Z167120604,http://data.onb.ac.at/ABO/+Z167120604,AC07689699,1589,TravelogueD16 Asien,,Sendtschreiben Auß den weitberhümpten Landschafften China/ Japon vn[d] Jndia/ deß sechs vnnd achtzigisten/ vnnd siben vnd achtzigisten Jahrs; Sampt Angehenckter erzehlung eines mercklichen Schiffbruchs/ wie in andern schreiben deß P. Petri Martonez an den Ehrwürdigen P. General der Societet Iesv den 9. Decembris/ Anno 1586. gethan/ vermeldet wirdt
18,Z158160208,http://data.onb.ac.at/ABO/+Z158160208,AC09891631,1576,TravelogueD16 Afrika Asien Südamerika; TravelogueD16 Orient,Verdadeira informação das terras do Preste João das Indias; (DE-588)1023275082,General Chronicen/ Das ist: Warhaffte eigentliche vnd kurtze Beschreibung/ vieler namhaffter/ vnd zum theil biß daher vnbekannter Landtschafften/; Erstlich deß Großmechtigen vnd gewaltigen Herrn Priester Johanns/ Königs in Morenlandts/ Königreichen vnd Herrschaften/ auch derselbigen beyde Geistliche vnd Weltliche Regiment. Zum andern ein gemeine Beschreibung deß gantzen Erdbodems/ in drey Bücher getheilt/ nemlich/ Asiam/ Aphricam/ vnd Europam/ vnd was sich fürnemlich drinnen für guts und böses/ zu Wasser vnd Landt/ mit Krieg/ Brunst/ Hunger vnd dergleichen/ von anfang der Welt/ biß vff erbauwung der Statt Rom/ vnd von dannen biß zu der zeit Honorij vnd Theodosij/ begeben und zugetragen hat. Zum dritten vnd letzten/ ein kurtzer Summarischer doch verstendtlicher Außzug vnd Beschreibung der neuw erfundenen Jnseln/ Americe vnd Magellane/ so man die neuwe Welt pflegt zu nennen. Darinnen alle Völcker vnd Nationen/ die in der ganzen Welt (als viel deren jetziger zeit bekannt sind) wohnen/ sampt jhrer Ankunfft vnd Herkommen/ auch Art vnd Natur/ Jtem Ceremonien vnd Gebräuchen in Geistlichen vnd Weltlichen sachen/ neuwlich beschrieben/ vnd gleich als in einer Tafel abgemalt/ für die Augen gestelt werden. Jetzt auffs neuw mit sonderm grossen fleiß/ besser als zuvor/ beschrieben und verteutscht/ auch mehrer richtigkeit halben in drey vnderschiedliche Bücher getheilt/ dergleichen noch niemals außgangen
18,Z185157909,http://data.onb.ac.at/ABO/+Z185157909,AC10477539,1597,TravelogueD16 Südamerika,<<La>> historia del Mondo Nuovo; (DE-588)4675237-7,Das sechste Theil der neuwen Welt.  oder Der Historien Hieron. Benzo von Meylandt/ Das dritte Buch; Darinnen warhafftig erzehlet wirdt/ wie die Spanier die Goldreiche Landschafften deß Peruanischen Königreichs eyngenommen/ den König Atabalibam gefangen vnd getödtet. Auch wie sie entlich sich selbst vntereinander auffgerieben haben. Sampt einem kurtzen zu end angehengten Tractätlein von den glückhafftigen Jnseln. Mit nützlichen vnd notwendigen Erklärungen auff ein jedes Capitel/ gemehret. Auch einer Landtafel deß Peruanischen Königreichs. Alles mit schönen Kupfferstücken vorgebildet vnd an Tag geben Durch Dieterich von Bry/ Kunststecher vnd Bürger zu Franckfurt
18,Z157711400,http://data.onb.ac.at/ABO/+Z157711400,AC09701779,1598,TravelogueD16 Asien,,Warhaffter/ Klarer/ Eigentlicher Bericht/ von der Weiten/ wunderbarer vnd nie beuor gethaner Reiß oder Schiffart/ biß in Jndia gegen der Sonnen auffgang gelegen/; welche Reiß oder Schiffart/ gethan drey Schiffe/ das eine war genant Mauritius/ das ander Hollandia/ das dritte Amsterdam/ vnnd eine Pinasse/ waren von etlichen Kauffherren in Hollandt zugerüst/ vnd mit Gelt auch Kauffmans waaren vol versehen. Auß Niderländischer Spraach in Hochteutsch bracht/ durch Conrad Lew aller Historien Liebhaber
18,Z185158008,http://data.onb.ac.at/ABO/+Z185158008,AC09697927,1595,TravelogueD16 Südamerika,<<La>> historia del Mondo Nuovo; (DE-588)4675237-7,Americæ Das Fünffte Buch/ Vol schöner vnerhörter Historien/ auß dem andern theil Ioannis Benzonis von Meylandt gezogen:; Von der Spanier Wüten/ beyd wider jhre Knecht die Nigriten/ vnd auch die arme Jndianer: wie die Spanier von den Frantzösischen Meerraubern zum offtermal angriffen vnnd geplündert worden/ denn auch/ wie sie erstlich das neuwe Spanien erfunden haben/ vnd gantz erbärmlich mit dem armen Landvölcklein daselbst vmbgangen sind. Sampt kutzer vnd nützlicher erklerung der Historien/ bey jedem Capitel. Auch einer schönen Landtafel/ deß neuwen Spanien in America. Alles mit schönen vnd kunstreiche[n] Kupfferstücken vn[d] deren angehenckten erklärungen/ an tag geben/ durch Dieterich von Bry/ Bürger in Franckfurt am Mayn. An den Durchleucht. hochgebornen Fürsten vnd Herrn/ Herren Moritzen Landgraffen zu Hessen/ etc.
19,Z170807203,http://data.onb.ac.at/ABO/+Z170807203,AC10163082,1596,TravelogueD16 Nordamerika,,"Nova Novorvm. Newe zeitungen aus östen/ Westen/ von newen gefundenen Landen/ Newen Völkeren/ Newen handtierungen/ vngehorten sprachen vnd schriften: Von Francisci Draci, Jndische oder Amerische expedition; Mit deren Landen eigentliche vnd wahre beschreibung"
19,Z256471804,http://data.onb.ac.at/ABO/+Z256471804,AC10402198,1505,TravelogueD16 Südamerika,Mundus novus; (DE-588)4710866-6,Von der neüw gefunden Region die wol ain welt genent mag werden/ durch den Christenlichen künig von portugal/ wunderbarlich erfunden
19,Z185912505,http://data.onb.ac.at/ABO/+Z185912505,AC09897436,1578,TravelogueD16 Orient; TravelogueD16 Asien Europa,Briesve description de la court du grant Turc et ung sommaire de règne des Ottomans,Erste Theil/ der Hoffhaltung Des Türckhischen Keysers/ vnd Othoman[n]ischen Reichs beschreibung/; darinn nicht allein der Türcken Empter/ Beuelchs vnd Kriegßleuthen Gewalt/ Dienst/ Besoldung vnd Namen/ so in dem Türckischen Hoff sein/ bißher vnbekannt/ angezeigt: Sonder auch aller Türckischen Keysern Nam[m]en/ Thaten/ Krieg vnd Handel so sie wider die Christen vnd Heyden haben verbracht/ biß auff diß M.D.LXXVIII. jar erstreckt vnd außgeführet/ auff das fleissigst verzeichnet vnd beschrieben. Deßgleichen/ Von der Türcken Aberglaube/ Religion/ Gottesdienst vnd Ceremonien: Von jrem Leben/ Wesen/ Sitten/ Kleidung/ Essen/ Trincken/ Statuten/ Policey/ Gerichtlichem Proceß/ [et]c. Von des falschen Propheten Mahomeths Lehr/ Gesatz vnnd Jrrthumb/ seiner Himmelfarth/ geringen Herkommen/ Schandtlichem Leben/ vnd Schmächlichem Endt. Von der Türcken wahren Vrsprung/ vnd der vier Reich so auß der Mahometischen Seckt entstanden sein. Jtem von der Gefangnen Christen Elendt/ Jamer vnd Noth. Sampt etlicher Hochgelehrter Männer Vermahnung vnd Rath/ durch das Weg vnnd Steg der Türck mög bekriegt werden. Der Ander Theil. Wahrhaffte Beschreibung aller Nam[m]hafften Geschichten/ Thaten/ Handlungen/ Krieg/ Schlachten/ Sieg/ Belägerungen vnd Eroberungen zů Wasser vnd zů Landt/ der Stätten/ Schlösser/ Vestungen/ Landtschafften/ Königreichen/ etc. so sich zwischen den Türcken vnd Christen vom jar M.D.XX. biß auff das M.D.LXXVIII. jar vnder der Regierung des Wüterichs Solymanns des XII. Selymi des XIII. Amuraths des XIIII. Türckischen Keysers: Vnd den Großmechtigsten Römischen Keysern Carol dem V. Ferdinandt dem I. vnnd Maximilian dem II. haben verloffen vnd zůgetragen; Alles fleissig vnd glaubwirdig auß Latinischen vnd andern Historyschreibern/ Gemeiner Teütscher Nation zů Nutz vnd Wolfahrt/ zůsammen getragen vnd verteütschet: Durch Nicolaum Höniger von Königshofen an der Tauber
19,Z157598504,http://data.onb.ac.at/ABO/+Z157598504,AC10043337,1531,TravelogueD16 Asien; TravelogueD16 Orient,,Ein Disputation oder Gesprech zwayer Stalbůben/ So mit Künigklicher Maye. Botschafft/ bey dem Türckischen Keyser zů Constantinopel gewesen/; Dieweil sy allda jn jhrer beherbergung/ vo[n] dem Türcken verspert/ beschehen/ Darin[n]en alle gewonheiten/ Brauch/ Glaub/ Ordnung vnnd Lands art der Türckey gemelt wirdt; Von Herrn Benedicten Curipeschitz vonn Obernburg obgemelter Botschaft Lateinischen Oratorn (wie er von gedachten Stalbůben alda heimlichen gehört) beschribe[n] / ga[n]tz nutzlichzů lesen
19,Z197267901,http://data.onb.ac.at/ABO/+Z197267901,AC10084758,1590,TravelogueD16 Orient; TravelogueD16 Asien Europa Afrika,Reißbuch gen Hierusalem ,Reißbuch gen Hierusalem. Welcher massen der Gestreng/ Edel/ Nothvest/ Fürsichtig vnd Weiß Herr Melchior Lussy Ritter/ Landamman zu Vnderwalden/ etc.  vnderhalb dem Kernwald in der Eidtgenoßschafft gelegen/ in das heilige Land Palestina gezogen ist; Darinnen dann die fürnembste Stätt vnd Orther von Christo vnserm liebsten Herren vnd Heyland weyland persönlich heimgesucht/ vnd durch das hohe Werck Menschlicher Erlösung geziert vnd geheiliget/ ordenlich beschriben werden. Sampt Weiterer Verzeichnuß viler anderer denckwürdiger örther vnnd zůfallender Gefahren/ welche gedachtem Herrn/ sampt seiner Gesellschafft auff diser Pilgerfahrt zu Wasser vnd Land begegnet seyn. Jetzund zum erstenmal zu sonderer Belustigung deß Christlichen Lesers im Druck außgangen
19,Z160260500,http://data.onb.ac.at/ABO/+Z160260500,AC10732756,1576,TravelogueD16 Orient; TravelogueD16 Afrika Asien Europa,<<Les>> quatres premiers livres des navigations et pérégrinations orientales; (DE-588)7517609-9,"Vier Bucher Von de Raisz vnd Schiffart in die Turckey, beschrieben durch Hern N. Nicolai/ Bürtig auß dem Delphinat/ Kammerling vnd Geograff Ko. Mr. inn Franckreich; Mit ein vnnd sextzich [!] Man vnnd Weibliche Figuren/ nach dem leben abgesetzt/ nach verenderung vnd gestalt der Lender/ vnd gebrauch der selber/ mit beschreibung jres art vnd leben/ so wol inn Frid als Kriegzeiten. Neben anzeigung etlicher namhaftiger geschichten bey vnsern zeiten geschehen"
19,Z184400900,http://data.onb.ac.at/ABO/+Z184400900,AC09849126,1556,TravelogueD16 Orient; TravelogueD16 Asien Europa,"Evagatorium in Terrae Sanctae, Arabiae et Aegypti peregrinationem",EJgentliche beschreibung der hin vnnd wider farth zu dem Heyligen Landt gen Jerusalem/ vnd furter durch die grosse Wüsteney zu dem Heiligen Berge Horeb Sinay/; darauß zuuernemen was wunders die Pilgrin hin vnd wider auff Land vnd wasser zu erfahren vnd zu besehen haben/ Vber die maß kurtzweilig vnd lůstig zu lesen/ sonderlich denen so der Heiligen schrifft ettwas erfahrn sein/ Vormals im druck nie dergleichen außgangen; [Felix Fabri]
19,Z35076705,http://data.onb.ac.at/ABO/+Z35076705,AC03016377,1545,TravelogueD16 Orient; TravelogueD16 Asien Europa,De Turcarum ritu et caeremoniis; (DE-588)7539130-2,Türckey Oder Von yetziger Türcken kirchengepräng/ Sytten vnnd leben/; auch was grausamen jochs/ was vnsäglichen jammers die gefangnen Christen/ vnder den selben gedulden müssen/ sampt Namenbüchlin Persischer vnd Windischer in der Türckey gänge[n] spraachen/ zwey Tractätlin; durch H. Bartholome Georgewyts/ der dreyzehen jar in der Türckey gefangen gewesen/ zum sibenden mal verkaufft/ erst bey jars frist erledigt worden/ alles warhafft vnnd grundlich im Latein beschriben/ kläglich zů lesen. Verdeütsch durch Joannem Herold
19,Z156577207,http://data.onb.ac.at/ABO/+Z156577207,AC10043338,1531,TravelogueD16 Asien Europa; TravelogueD16 Orient,Itinerarium oder Wegrayß Küniglich Mayestät potschafft gen Constantinopel zudem Türckischen Keiser Soleyman; (DE-588)4521341-0,Itinerarivm Wegrayß Kün. May. potschafft/ gen Constantinopel/ zůdem Türckischen keiser Soleyman. Anno xxx.; [Benedikt Kuripešić]
19,Z157583008,http://data.onb.ac.at/ABO/+Z157583008,AC09759860,1535,TravelogueD16 Afrika; TravelogueD16 Orient,Sendtbrief so die Römisch Keiserlich und Hispanisch Künigklich Maiestat ... den 23. Tag Julii Anno 1535 aus Affrica zugeschriben hat,"Sendtbrief so die Römisch Keiserlich vnd Hispanisch Künigclich Maiestat / jres erlangten Sygs /gegen dem Barbarossa im Künigreich Thunis/ seiner Kayserlichen Maiestat Brüder dem Römischen Künig/ den. xxiij. Julij. Anno. 1535. aus Affrica zuegeschriben hat; [Karl V., Heiliges Römisches Reich, Kaiser. Bearbeiter: Christoph Scheurl]"
19,Z15657730X,http://data.onb.ac.at/ABO/+Z15657730X,AC10043339,1531,TravelogueD16 Asien Europa; TravelogueD16 Orient,Itinerarium oder Wegrayß Küniglich Mayestät potschafft gen Constantinopel zudem Türckischen Keiser Soleyman; (DE-588)4521341-0,Itinerarivm Wegrayß Kü. May. potschafft/ gen Constantinopel/ zů dem Türckischen Kayser Soleyman. Anno xxx.; [Benedikt Kuripešić]
19,Z169010905,http://data.onb.ac.at/ABO/+Z169010905,AC09870771,1545,TravelogueD16 Asien,Carta de Francisco Javier S. J. á los hermanos en Roma; 1544,Jndianische Missiue oder Sendbrieff Herren Francisci Xauier der Ordens Jesu Christi inn Jndien Regelherren/ geschriben an den Probst Jgnatium von Layola/ vnnd andere seine mitbrüder/ die zů Rom/ Padua/ Portugall/ Valentz/ Cöln/ vn[d] Pariß wonen. Von dem anfang des Christlichen glaubens in Jndien ; Vß dem dem Lateyn erst verteütscht vnnd an tag geben
19,Z177009407,http://data.onb.ac.at/ABO/+Z177009407,AC05657137,1557,TravelogueD16 Orient; TravelogueD16 Asien Europa,"Evagatorium in Terrae Sanctae, Arabiae et Aegypti peregrinationem; (DE-588)1130877485",EJgentlich beschreibung der hin vnnd wider farth zu dem Heyligen Landt gen Jerusalem/; vnd furter durch die grosse Wüsten zu dem Heiligen Berge Horeb vnd Sinay/ darauß zuuernemen was wunders die Pilgrin hin vnd wider auff Land vnd wasser zu erfaren vnd zu besehen haben/ Vber die maß kurtzweilig vnd lůstig zulesen/ sonderlich denen so der Heiligen schrifft ettwas erfahrn sein/ Vormals im druck nie der gleichen außgangen; [Felix Fabri]
19,Z186388101,http://data.onb.ac.at/ABO/+Z186388101,AC10393828,1516,TravelogueD16 Afrika Asien; TravelogueD16 Orient,"Itinerario ne lo Egypto, ne la Suria, ne la Arabia deserta & felice, ne la Persia, ne la India et ne la Ethiopia; (DE-588)4500019-0",Die Ritterlich vnd lobwürdig reisz des gestrengen vn[d] über all ander weyt erfarne[n] Ritters vn[d] landtfarers/ herre[n] Ludowico Vartomans vo[n] Bolonia; Sagend von den landen/ Egypto/ Syria/ von beiden Arabia Persia/ Jndia vnd Ethiopia/ von den gestalten/ sitten/ vnd dero menschen leben vnd glauben. Auch von manigerley thieren/ vöglen vnd vil andern in den selben landen seltzamen wunderbarlichen sachen. Das alles er selbs erfaren vnd in eygner person gesehe[n] hat
19,Z164752105,http://data.onb.ac.at/ABO/+Z164752105,AC09759859,1535,TravelogueD16 Orient; TravelogueD16 Afrika,Sendtbrief so die Römisch Keiserlich und Hispanisch Künigklich Maiestat ... den 23. Tag Julii Anno 1535 aus Affrica zugeschriben hat,"Sendtbrief so die Römisch Keiserlich vnd Hispanisch Künigklich Maiestat/ jhres erlangten Sygs/ gegen dem Barbarossa im Künigreich Thunis/ seiner Kayserlichen Mayestat Brüder Ferdinando/ dem Römischen Küng/ den XXIII. tag Julij. Anno M.D.XXXV. Auß Affrica zůgeschriben hat; [Karl V., Heiliges Römisches Reich, Kaiser. Bearbeiter: Christoph Scheurl]"
19,Z156265702,http://data.onb.ac.at/ABO/+Z156265702,AC10033057,1561,TravelogueD16 Asien Europa; TravelogueD16 Orient,Saxonia,Hertzog Heynrichs/ genandt Lewen/ in das Heylig Landt fürgenommener verren reyß warhaffte History/ Auch wie es jhme im hin vnd widerzug ergangen/ eigentliche beschreibung/ vilen lustig zů lesen/ durch einen Liebhaber der Historien/ zůuor im truck niemals außgangen. Neüwlich auß Latein in die Teutsche sprach bracht; [Albert Krantz]
